"Yellow Jacket Rep","Item","Total Sale Value","Account Name"
"(9101) Alice Acorn","Vrbo Fiesta Bowl - CFP Semifinal","1500.0000","Acme Bank"
"(9102) Bob Birch","Rate Bowl - Tickets","400.0000","Birch Holdings"
"(9103) Future Carla Cedar","Wishes for Teachers Donation","300.0000","Cedar Family Trust"
"(9104) Dave Dogwood","PARKING - Rate Bowl","50.0000","Dogwood LLC"
"(9108) Hank Holly","Par 3 Challenge - Foursome","150.0000","Holly Holdings"
"(9101) Alice Acorn,(9102) Bob Birch","Vrbo Fiesta Bowl - CFP Semifinal","2000.0000","Joint Account"
"(9201) Test Tony,(9108) Hank Holly","Vrbo Fiesta Bowl - Club 71","500.0000","Mixed Sale"
"(9105) Life Member Eve Elm,(9102) Bob Birch","Vrbo Fiesta Bowl - Tickets","800.0000","Elm Estate"
"(9201) Test Tony,(9202) Test Austin","Rate Bowl - Tickets","200.0000","Staff Only Sale"
"(99999) Mystery Person,(9101) Alice Acorn","Vrbo Fiesta Bowl - Tickets","600.0000","Account With Unknown"
"(9101) Alice Acorn","Vrbo Fiesta Bowl - Tickets","400.0000","Family redirect to Carla and Hank"
"(9101) Alice Acorn","Vrbo Fiesta Bowl Suite - VIP","20000.0000","Acme Corporate"
